release_year,month,genre,average_rating,average_revenue,date_ts
2000,2,comedy,6.4,106.37,2000-02-01
2000,2,drama,6.5,144.06,2000-02-01
2000,2,horror,6,161.83,2000-02-01
2000,3,drama,7.4,256.27,2000-03-01
2000,3,horror,6.6,112.88,2000-03-01
2000,3,thriller,7.1,207.52,2000-03-01
2000,4,war,6.5,127.67,2000-04-01
2000,5,action,8.2,465.36,2000-05-01
2000,5,adventure,6.1,546.39,2000-05-01
2000,5,comedy,6.2,119.75,2000-05-01
2000,5,crime,5.8,173.96,2000-05-01
2000,5,family,6.5,354.25,2000-05-01
2000,6,action,6.27,223.53,2000-06-01
2000,6,animation,6.8,224.83,2000-06-01
2000,6,comedy,6.6,149.27,2000-06-01
2000,6,drama,7.2,215.29,2000-06-01
2000,7,adventure,7,296.34,2000-07-01
2000,7,comedy,6.25,195.97,2000-07-01
2000,7,drama,6.4,291.42,2000-07-01
2000,7,fantasy,5.75,116.82,2000-07-01
2000,8,action,6.15,159.55,2000-08-01
2000,8,horror,6.3,104.16,2000-08-01
2000,9,drama,7.6,123,2000-09-01
2000,10,comedy,6.7,330.44,2000-10-01
2000,10,family,5.5,183.61,2000-10-01
2000,11,action,5.8,264.11,2000-11-01
2000,11,family,6.65,224.56,2000-11-01
2000,11,thriller,7.1,248.12,2000-11-01
2000,12,adventure,7.1,271.54,2000-12-01
2000,12,comedy,6.68,215.83,2000-12-01
2001,1,drama,6.5,131.71,2001-01-01
2001,2,crime,6.8,351.69,2001-02-01
2001,3,action,5.85,147.89,2001-03-01
2001,4,comedy,6.7,281.93,2001-04-01
2001,4,crime,6.3,105.18,2001-04-01
2001,5,adventure,6.65,280.38,2001-05-01
2001,5,animation,7.7,487.85,2001-05-01
2001,5,drama,7.6,179.21,2001-05-01
2001,5,war,6.9,449.22,2001-05-01
2001,6,action,6.6,177.18,2001-06-01
2001,6,adventure,5.9,274.7,2001-06-01
2001,6,animation,7,186.05,2001-06-01
2001,6,comedy,5.3,176.1,2001-06-01
2001,6,drama,7,235.93,2001-06-01
2001,7,action,6.7,113.58,2001-07-01
2001,7,adventure,6.1,368.78,2001-07-01
2001,7,comedy,6.07,140.39,2001-07-01
2001,7,thriller,5.7,362.21,2001-07-01
2001,8,action,6.7,347.33,2001-08-01
2001,8,comedy,6.55,226.44,2001-08-01
2001,8,horror,7.6,209.95,2001-08-01
2001,9,thriller,6.2,100.02,2001-09-01
2001,10,action,7.5,104.88,2001-10-01
2001,11,action,6.9,143.05,2001-11-01
2001,11,adventure,7.9,976.48,2001-11-01
2001,11,animation,7.8,579.71,2001-11-01
2001,11,comedy,6.2,141.07,2001-11-01
2001,12,action,7.4,172.99,2001-12-01
2001,12,adventure,8.4,871.37,2001-12-01
2001,12,drama,7.9,316.8,2001-12-01
2001,12,mystery,6.8,203.39,2001-12-01
2001,12,thriller,7.4,450.72,2001-12-01
2002,2,adventure,6.5,109.86,2002-02-01
2002,2,drama,7.1,102.24,2002-02-01
2002,3,action,7.1,114.66,2002-03-01
2002,3,animation,7.3,383.26,2002-03-01
2002,3,crime,6.8,197.08,2002-03-01
2002,3,fantasy,6.5,155.01,2002-03-01
2002,3,horror,6.6,102.98,2002-03-01
2002,3,science fiction,6.2,123.73,2002-03-01
2002,4,action,5.6,165.33,2002-04-01
2002,4,comedy,6.5,368.74,2002-04-01
2002,4,documentary,6.4,163.33,2002-04-01
2002,4,drama,6.7,129,2002-04-01
2002,5,adventure,6.6,649.4,2002-05-01
2002,5,animation,7.7,122.56,2002-05-01
2002,5,fantasy,7.3,821.71,2002-05-01
2002,5,thriller,6.6,142.26,2002-05-01
2002,6,action,7.4,286.2,2002-06-01
2002,6,animation,7.5,273.14,2002-06-01
2002,6,comedy,5.8,171.27,2002-06-01
2002,6,mystery,6,275.65,2002-06-01
2002,7,action,6.4,445.14,2002-07-01
2002,7,comedy,6,296.94,2002-07-01
2002,7,crime,7.4,181,2002-07-01
2002,7,family,5.7,169.96,2002-07-01
2002,8,action,5.75,198.58,2002-08-01
2002,8,drama,6.7,408.25,2002-08-01
2002,9,comedy,6.4,180.62,2002-09-01
2002,9,drama,8.4,120.07,2002-09-01
2002,9,thriller,5.7,104.39,2002-09-01
2002,10,crime,7,209.2,2002-10-01
2002,10,fantasy,5.9,172.84,2002-10-01
2002,10,horror,6.7,249.35,2002-10-01
2002,11,adventure,7.07,472.75,2002-11-01
2002,11,drama,7.1,242.88,2002-11-01
2002,12,adventure,8.4,926.29,2002-12-01
2002,12,comedy,6.53,220.24,2002-12-01
2002,12,drama,7.37,217.24,2002-12-01
2003,1,action,6.3,101.19,2003-01-01
2003,1,comedy,5.8,101.56,2003-01-01
2003,2,action,6,136,2003-02-01
2003,2,comedy,6.8,177.5,2003-02-01
2003,2,family,5.9,135.68,2003-02-01
2003,2,fantasy,5.3,179.18,2003-02-01
2003,3,adventure,6.3,160.58,2003-03-01
2003,3,comedy,6,132.68,2003-03-01
2003,3,thriller,7.7,156.82,2003-03-01
2003,4,adventure,7,407.71,2003-04-01
2003,4,comedy,6.1,195.75,2003-04-01
2003,5,action,6.8,176.07,2003-05-01
2003,5,adventure,7,738.6,2003-05-01
2003,5,animation,7.8,940.34,2003-05-01
2003,5,comedy,5.9,164.43,2003-05-01
2003,5,fantasy,6.7,484.59,2003-05-01
2003,5,horror,6.2,107.36,2003-05-01
2003,6,action,6,247.76,2003-06-01
2003,6,science fiction,5.5,245.36,2003-06-01
2003,7,action,5.63,264.04,2003-07-01
2003,7,adventure,7.2,464.17,2003-07-01
2003,7,comedy,5.6,124.91,2003-07-01
2003,7,drama,7,148.34,2003-07-01
2003,7,fantasy,5.9,179.27,2003-07-01
2003,8,action,6.1,116.64,2003-08-01
2003,8,comedy,6.35,196.15,2003-08-01
2003,8,horror,6,116.64,2003-08-01
2003,9,comedy,6.5,182.44,2003-09-01
2003,9,drama,7.4,119.72,2003-09-01
2003,10,action,8,180.91,2003-10-01
2003,10,adventure,7.3,250.4,2003-10-01
2003,10,comedy,6.57,192.29,2003-10-01
2003,11,adventure,6.9,318.5,2003-11-01
2003,11,comedy,5.3,133.8,2003-11-01
2003,11,horror,6.1,141.59,2003-11-01
2003,11,thriller,5.6,182.29,2003-11-01
2003,12,adventure,7.83,454.7,2003-12-01
2003,12,comedy,6.3,190.21,2003-12-01
2003,12,drama,7.03,298.83,2003-12-01
2004,1,comedy,6,178.31,2004-01-01
2004,2,comedy,6.8,196.48,2004-02-01
2004,2,drama,7.5,611.9,2004-02-01
2004,2,western,6.8,108.1,2004-02-01
2004,3,comedy,5.8,170.27,2004-03-01
2004,3,horror,7,102.28,2004-03-01
2004,3,mystery,6,181.47,2004-03-01
2004,4,action,7.65,141.22,2004-04-01
2004,4,animation,6,145.36,2004-04-01
2004,4,comedy,7.2,130.13,2004-04-01
2004,5,action,6.5,552.64,2004-05-01
2004,5,adventure,7.55,643.6,2004-05-01
2004,5,animation,7.2,928.76,2004-05-01
2004,5,horror,6.3,300.26,2004-05-01
2004,6,action,6.9,452.38,2004-06-01
2004,6,animation,5.7,200.8,2004-06-01
2004,6,comedy,6.55,150.56,2004-06-01
2004,6,documentary,7.1,222.45,2004-06-01
2004,6,romance,7.9,115.6,2004-06-01
2004,7,action,7.1,317.86,2004-07-01
2004,7,adventure,6.3,203.57,2004-07-01
2004,7,drama,6.4,256.7,2004-07-01
2004,8,adventure,5.9,177.43,2004-08-01
2004,8,comedy,6.7,134.73,2004-08-01
2004,8,drama,7.2,217.76,2004-08-01
2004,9,animation,6,367.28,2004-09-01
2004,9,horror,6.3,129.39,2004-09-01
2004,9,thriller,5.9,117.59,2004-09-01
2004,10,action,7.7,631.44,2004-10-01
2004,10,comedy,7.1,109.5,2004-10-01
2004,10,drama,7.03,137.21,2004-10-01
2004,10,horror,6.65,143.69,2004-10-01
2004,11,adventure,6.6,347.51,2004-11-01
2004,11,animation,6.7,310.63,2004-11-01
2004,11,comedy,6.2,262.5,2004-11-01
2004,11,family,7,140.16,2004-11-01
2004,11,war,5.9,167.3,2004-11-01
2004,12,action,5.9,128.91,2004-12-01
2004,12,adventure,6.8,209.07,2004-12-01
2004,12,comedy,6.2,516.64,2004-12-01
2004,12,drama,7.33,181.99,2004-12-01
2004,12,thriller,6.95,258.7,2004-12-01
2005,1,horror,6.3,127.37,2005-01-01
2005,2,comedy,6.6,371.6,2005-02-01
2005,2,fantasy,7.1,230.88,2005-02-01
2005,3,action,5.7,101.39,2005-03-01
2005,3,animation,6.4,262.51,2005-03-01
2005,3,comedy,6.05,150.88,2005-03-01
2005,3,drama,5.7,161.45,2005-03-01
2005,4,action,5.9,119.27,2005-04-01
2005,4,adventure,6.7,104.48,2005-04-01
2005,4,crime,6.3,162.94,2005-04-01
2005,4,horror,6.1,108.05,2005-04-01
2005,4,thriller,7.4,158.73,2005-04-01
2005,5,adventure,7.4,850,2005-05-01
2005,5,comedy,6.6,190.32,2005-05-01
2005,5,drama,6.9,218.12,2005-05-01
2005,5,family,6.9,542.06,2005-05-01
2005,5,romance,6.2,154.75,2005-05-01
2005,6,action,6.73,398.35,2005-06-01
2005,6,adventure,6.5,603.87,2005-06-01
2005,6,comedy,5.35,137.79,2005-06-01
2005,6,romance,7.5,108.54,2005-06-01
2005,7,action,6.7,162.95,2005-07-01
2005,7,adventure,7,474.97,2005-07-01
2005,7,comedy,6.5,288.49,2005-07-01
2005,8,adventure,5.8,105.32,2005-08-01
2005,8,comedy,5.95,144.09,2005-08-01
2005,9,adventure,7,192.61,2005-09-01
2005,9,crime,6.5,145.17,2005-09-01
2005,9,drama,7.58,147.33,2005-09-01
2005,9,romance,7.5,118.13,2005-09-01
2005,9,thriller,6.4,223.39,2005-09-01
2005,10,action,6.1,142.4,2005-10-01
2005,10,fantasy,6.6,123.28,2005-10-01
2005,10,horror,6.6,147.75,2005-10-01
2005,11,adventure,7.8,895.92,2005-11-01
2005,11,animation,5.9,314.43,2005-11-01
2005,12,adventure,7,653.68,2005-12-01
2005,12,comedy,6.15,165.61,2005-12-01
2005,12,drama,7.4,146.61,2005-12-01
2006,1,comedy,5.7,138.26,2006-01-01
2006,1,fantasy,6.6,111.48,2006-01-01
2006,2,action,7.9,132.51,2006-02-01
2006,2,adventure,7,120.46,2006-02-01
2006,2,comedy,5.8,158.85,2006-02-01
2006,2,horror,6.1,118.89,2006-02-01
2006,3,animation,6.7,661,2006-03-01
2006,3,comedy,5.8,128.41,2006-03-01
2006,3,crime,7.4,186,2006-03-01
2006,4,adventure,6.7,398.48,2006-04-01
2006,4,comedy,5.5,178.26,2006-04-01
2006,4,family,5.5,102.34,2006-04-01
2006,4,horror,6.5,100.61,2006-04-01
2006,4,NA,4.3,178.26,2006-04-01
2006,5,adventure,6.1,320.52,2006-05-01
2006,5,family,6.5,343.4,2006-05-01
2006,5,thriller,6.7,767.82,2006-05-01
2006,6,action,6.5,158.96,2006-06-01
2006,6,animation,6.37,247.95,2006-06-01
2006,6,comedy,6.85,283.7,2006-06-01
2006,6,drama,7,114.83,2006-06-01
2006,6,horror,5.6,119.98,2006-06-01
2006,6,romance,5.9,205.67,2006-06-01
2006,6,science fiction,5.7,391.08,2006-06-01
2006,7,action,6,163.79,2006-07-01
2006,7,adventure,7.3,1065.66,2006-07-01
2006,7,comedy,6.65,115.57,2006-07-01
2006,8,animation,5.8,116.48,2006-08-01
2006,8,comedy,6.1,132.28,2006-08-01
2006,8,drama,6.1,163.25,2006-08-01
2006,8,music,6.9,114.19,2006-08-01
2006,9,animation,6.1,197.31,2006-09-01
2006,9,crime,7.4,135.04,2006-09-01
2006,9,drama,7.05,129.36,2006-09-01
2006,10,adventure,6.3,178.12,2006-10-01
2006,10,drama,8.2,200.57,2006-10-01
2006,10,horror,6.25,136.12,2006-10-01
2006,11,action,6.8,180.56,2006-11-01
2006,11,adventure,7.5,599.05,2006-11-01
2006,11,animation,6.2,384.34,2006-11-01
2006,11,comedy,6.8,262.55,2006-11-01
2006,12,action,7.1,347.58,2006-12-01
2006,12,adventure,6.4,107.94,2006-12-01
2006,12,comedy,6.65,169.08,2006-12-01
2006,12,drama,7.06,177.99,2006-12-01
2006,12,fantasy,5.1,249.29,2006-12-01
2007,1,thriller,5.5,228.74,2007-01-01
2007,2,adventure,7.3,137.59,2007-02-01
2007,2,comedy,6,152.61,2007-02-01
2007,3,action,6.55,354.86,2007-03-01
2007,3,animation,6.9,169.33,2007-03-01
2007,3,comedy,6.65,144.5,2007-03-01
2007,3,family,6.3,232.23,2007-03-01
2007,4,thriller,6.7,117.76,2007-04-01
2007,5,adventure,7.2,961,2007-05-01
2007,5,fantasy,6.35,854.18,2007-05-01
2007,6,action,6.6,383.53,2007-06-01
2007,6,adventure,6.2,505.81,2007-06-01
2007,6,animation,7.1,386.38,2007-06-01
2007,6,comedy,6.3,219.92,2007-06-01
2007,6,crime,7.3,241.47,2007-06-01
2007,6,fantasy,5.6,174.44,2007-06-01
2007,6,horror,6.7,132.96,2007-06-01
2007,7,adventure,7.7,938.21,2007-07-01
2007,7,animation,7,527.07,2007-07-01
2007,7,comedy,6,187.13,2007-07-01
2007,8,action,6.9,350.42,2007-08-01
2007,8,adventure,7.2,137.52,2007-08-01
2007,9,comedy,6.5,147.88,2007-09-01
2007,9,drama,7.7,131.02,2007-09-01
2007,9,horror,6.15,170.88,2007-09-01
2007,10,comedy,5.7,127.77,2007-10-01
2007,10,documentary,7.6,109,2007-10-01
2007,10,family,6,287.59,2007-10-01
2007,10,horror,6.2,139.35,2007-10-01
2007,11,adventure,5.9,195.74,2007-11-01
2007,11,comedy,6.8,340.49,2007-11-01
2007,11,drama,7.4,211.66,2007-11-01
2007,12,action,6.3,459.24,2007-12-01
2007,12,adventure,6,372.23,2007-12-01
2007,12,comedy,6.43,237.74,2007-12-01
2007,12,drama,7.2,304.26,2007-12-01
2007,12,family,6.4,103.07,2007-12-01
2007,12,fantasy,5.2,130.29,2007-12-01
2007,12,music,7.8,107.2,2007-12-01
2008,1,action,6.7,142,2008-01-01
2008,1,comedy,6.4,160.26,2008-01-01
2008,2,action,6.75,224.53,2008-02-01
2008,2,adventure,5.7,111.23,2008-02-01
2008,2,drama,6.4,151.16,2008-02-01
2008,2,family,6.6,164.17,2008-02-01
2008,2,music,6.7,150.82,2008-02-01
2008,3,adventure,5.4,269.78,2008-03-01
2008,3,animation,6.5,298.57,2008-03-01
2008,3,drama,6.7,159.81,2008-03-01
2008,4,action,7.1,356.54,2008-04-01
2008,4,adventure,5.9,100.1,2008-04-01
2008,4,comedy,6.45,105.79,2008-04-01
2008,5,adventure,6.3,603.16,2008-05-01
2008,5,comedy,6.35,319.08,2008-05-01
2008,6,action,6.63,401.63,2008-06-01
2008,6,animation,8.1,521.31,2008-06-01
2008,6,comedy,5.7,204.31,2008-06-01
2008,6,science fiction,6.2,163.71,2008-06-01
2008,6,thriller,5.4,163.4,2008-06-01
2008,7,action,6.1,101.7,2008-07-01
2008,7,adventure,5.5,403.45,2008-07-01
2008,7,comedy,6.8,368.98,2008-07-01
2008,7,drama,8.5,1004.56,2008-07-01
2008,7,fantasy,6.55,394.92,2008-07-01
2008,8,action,6.6,148.66,2008-08-01
2008,9,comedy,6.6,163.72,2008-09-01
2008,9,mystery,6.4,178.8,2008-09-01
2008,10,action,6.6,113.28,2008-10-01
2008,10,adventure,6.3,589.58,2008-10-01
2008,10,comedy,5.95,201.1,2008-10-01
2008,10,crime,7.6,113.4,2008-10-01
2008,10,family,6.5,603.9,2008-10-01
2008,10,horror,6.2,113.86,2008-10-01
2008,11,action,6.1,108.98,2008-11-01
2008,11,adventure,6.6,211.79,2008-11-01
2008,11,animation,6.5,309.98,2008-11-01
2008,11,comedy,5.8,164.11,2008-11-01
2008,11,drama,7.7,378.41,2008-11-01
2008,11,fantasy,6.3,393.62,2008-11-01
2008,12,comedy,6.95,239.49,2008-12-01
2008,12,drama,7.18,219.37,2008-12-01
2008,12,fantasy,6.1,212.87,2008-12-01
2009,1,action,5.4,183.29,2009-01-01
2009,1,comedy,6.1,116.19,2009-01-01
2009,1,mystery,5.5,102.84,2009-01-01
2009,2,animation,7.9,124.6,2009-02-01
2009,2,comedy,6.45,143.6,2009-02-01
2009,3,action,7.5,175.24,2009-03-01
2009,3,adventure,5.8,106.3,2009-03-01
2009,3,animation,6.2,381.51,2009-03-01
2009,3,comedy,6.3,136.32,2009-03-01
2009,4,action,6.7,363.16,2009-04-01
2009,4,adventure,6.3,373.06,2009-04-01
2009,4,comedy,6.6,155.55,2009-04-01
2009,5,action,6,371.35,2009-05-01
2009,5,adventure,6.1,413.11,2009-05-01
2009,5,animation,7.9,735.1,2009-05-01
2009,5,fantasy,6,102.22,2009-05-01
2009,5,science fiction,7.4,385.68,2009-05-01
2009,5,thriller,6.7,485.93,2009-05-01
2009,6,animation,6.7,886.69,2009-06-01
2009,6,comedy,7.2,393.35,2009-06-01
2009,6,crime,6.3,150.17,2009-06-01
2009,6,science fiction,6.2,836.3,2009-06-01
2009,7,adventure,7.7,933.96,2009-07-01
2009,7,animation,5.4,292.82,2009-07-01
2009,7,comedy,6.05,230.24,2009-07-01
2009,7,crime,6.7,214.1,2009-07-01
2009,7,horror,6.6,114,2009-07-01
2009,8,adventure,5.8,302.47,2009-08-01
2009,8,drama,7.55,211.4,2009-08-01
2009,8,horror,5.6,186.17,2009-08-01
2009,8,romance,6.7,129.54,2009-08-01
2009,8,science fiction,7.4,210.82,2009-08-01
2009,9,animation,6.6,242.99,2009-09-01
2009,9,comedy,5.5,171.84,2009-09-01
2009,9,drama,6.9,166.84,2009-09-01
2009,9,science fiction,6.1,122.44,2009-09-01
2009,10,action,5.8,791.22,2009-10-01
2009,10,comedy,7.3,102.39,2009-10-01
2009,10,drama,7.4,127.94,2009-10-01
2009,10,family,6.5,100.14,2009-10-01
2009,10,music,7.2,261.2,2009-10-01
2009,11,adventure,6,709.83,2009-11-01
2009,11,animation,6.4,215.12,2009-11-01
2009,11,drama,7.7,309.21,2009-11-01
2009,12,action,7.4,1723.87,2009-12-01
2009,12,comedy,6.05,331.12,2009-12-01
2009,12,drama,7.2,122.43,2009-12-01
2009,12,romance,7.2,271,2009-12-01
2010,1,action,6.8,157.11,2010-01-01
2010,1,comedy,5.5,112.46,2010-01-01
2010,2,adventure,6.2,226.5,2010-02-01
2010,2,comedy,5.9,216.49,2010-02-01
2010,2,drama,7.5,204.89,2010-02-01
2010,3,adventure,5.9,493.21,2010-03-01
2010,3,comedy,5.8,136.33,2010-03-01
2010,3,family,6.6,1025.47,2010-03-01
2010,3,fantasy,7.8,494.88,2010-03-01
2010,4,adventure,6.8,623.93,2010-04-01
2010,4,comedy,6.1,152.26,2010-04-01
2010,4,horror,5.5,115.66,2010-04-01
2010,5,action,6.4,321.67,2010-05-01
2010,5,adventure,6.3,336.37,2010-05-01
2010,5,comedy,6.25,521.68,2010-05-01
2010,6,action,5.8,313.61,2010-06-01
2010,6,adventure,6.2,698.49,2010-06-01
2010,6,animation,7.8,1066.97,2010-06-01
2010,6,comedy,6.4,271.43,2010-06-01
2010,6,thriller,6.4,177.24,2010-06-01
2010,7,action,7.4,559.43,2010-07-01
2010,7,animation,6.8,140.07,2010-07-01
2010,7,family,6.2,323.08,2010-07-01
2010,7,fantasy,6.1,215.28,2010-07-01
2010,7,science fiction,6.2,127.23,2010-07-01
2010,8,action,6.3,170.43,2010-08-01
2010,8,drama,6.5,181.94,2010-08-01
2010,8,thriller,6.2,274.47,2010-08-01
2010,9,action,6,300.23,2010-09-01
2010,9,crime,7.2,154.03,2010-09-01
2010,9,drama,6.1,134.75,2010-09-01
2010,10,action,6.7,199,2010-10-01
2010,10,animation,7,321.89,2010-10-01
2010,10,comedy,6.75,111.47,2010-10-01
2010,10,drama,6.75,165.94,2010-10-01
2010,10,horror,5.9,156.83,2010-10-01
2010,11,action,6.6,167.81,2010-11-01
2010,11,adventure,7.8,954.31,2010-11-01
2010,11,animation,7.6,592.46,2010-11-01
2010,11,comedy,6.3,211.78,2010-11-01
2010,11,drama,7.35,258.52,2010-11-01
2010,12,action,6.2,278.73,2010-12-01
2010,12,adventure,6.45,407.88,2010-12-01
2010,12,comedy,5.6,257.08,2010-12-01
2010,12,drama,7.5,290.84,2010-12-01
2010,12,family,5.2,237.38,2010-12-01
2011,1,action,5.6,227.82,2011-01-01
2011,1,animation,5.8,189.71,2011-01-01
2011,1,comedy,6.3,149.23,2011-01-01
2011,2,action,6.3,129.76,2011-02-01
2011,2,comedy,6.7,214.95,2011-02-01
2011,3,animation,6.25,214.83,2011-03-01
2011,3,science fiction,6.2,169.84,2011-03-01
2011,3,thriller,7.25,154.59,2011-03-01
2011,4,action,7.3,626.14,2011-04-01
2011,4,adventure,6.8,449.33,2011-04-01
2011,4,animation,6.7,484.64,2011-04-01
2011,4,drama,6.9,117.09,2011-04-01
2011,5,adventure,6.5,1045.71,2011-05-01
2011,5,animation,7,665.69,2011-05-01
2011,5,comedy,6.2,363.78,2011-05-01
2011,5,fantasy,7.5,151.12,2011-05-01
2011,6,action,6.75,738.7,2011-06-01
2011,6,adventure,5.2,219.85,2011-06-01
2011,6,animation,6.1,559.85,2011-06-01
2011,6,comedy,5.9,187.36,2011-06-01
2011,6,thriller,6.8,260.1,2011-06-01
2011,7,action,6.3,272.7,2011-07-01
2011,7,animation,5.8,563.75,2011-07-01
2011,7,comedy,6.43,174.92,2011-07-01
2011,7,fantasy,8.1,1341.51,2011-07-01
2011,7,romance,6.6,149.54,2011-07-01
2011,8,adventure,5.8,132.27,2011-08-01
2011,8,drama,8.2,216.64,2011-08-01
2011,8,horror,6.1,157.89,2011-08-01
2011,8,thriller,7.3,482.86,2011-08-01
2011,9,action,7,299.27,2011-09-01
2011,9,comedy,6.8,177.24,2011-09-01
2011,9,crime,6.2,160.08,2011-09-01
2011,9,drama,6.95,123.88,2011-09-01
2011,10,action,7,173.93,2011-10-01
2011,10,adventure,6.9,373.99,2011-10-01
2011,10,animation,6.5,554.99,2011-10-01
2011,10,horror,5.9,207.04,2011-10-01
2011,11,action,6.1,152.93,2011-11-01
2011,11,adventure,6.83,410.85,2011-11-01
2011,11,animation,6.1,150.41,2011-11-01
2011,11,comedy,5.55,157.43,2011-11-01
2011,11,fantasy,6,226.9,2011-11-01
2011,12,action,6.05,413.64,2011-12-01
2011,12,comedy,5.8,242.37,2011-12-01
2011,12,drama,6.8,120.08,2011-12-01
2011,12,history,6.4,115.89,2011-12-01
2011,12,thriller,7.4,232.62,2011-12-01
2011,12,war,7.3,177.58,2011-12-01
2012,1,adventure,6.1,355.69,2012-01-01
2012,1,fantasy,6.3,160.11,2012-01-01
2012,1,thriller,4.7,101.76,2012-01-01
2012,2,action,6.3,182.52,2012-02-01
2012,2,drama,6.73,153.56,2012-02-01
2012,2,science fiction,6.8,145,2012-02-01
2012,3,action,6.6,242.86,2012-03-01
2012,3,adventure,5.9,183.02,2012-03-01
2012,3,animation,6.45,235.94,2012-03-01
2012,3,comedy,6.8,102.73,2012-03-01
2012,3,fantasy,5.7,301.97,2012-03-01
2012,3,science fiction,7.2,694.39,2012-03-01
2012,4,comedy,6.3,234.99,2012-04-01
2012,4,science fiction,7.7,1518.82,2012-04-01
2012,4,thriller,5.8,303.03,2012-04-01
2012,5,action,6.5,624.03,2012-05-01
2012,5,adventure,6,396.6,2012-05-01
2012,5,comedy,6.1,212.45,2012-05-01
2012,5,science fiction,6.5,403.35,2012-05-01
2012,6,action,6.2,437.2,2012-06-01
2012,6,animation,6.67,721.05,2012-06-01
2012,6,comedy,6.4,549.37,2012-06-01
2012,6,drama,6.2,167.22,2012-06-01
2012,7,action,7.8,1081.04,2012-07-01
2012,7,music,6.9,140.47,2012-07-01
2012,8,action,6.17,263.45,2012-08-01
2012,8,comedy,5.8,104.91,2012-08-01
2012,8,drama,6.3,114.28,2012-08-01
2012,8,family,7,107.14,2012-08-01
2012,9,action,6.05,308.15,2012-09-01
2012,9,adventure,7.4,198.09,2012-09-01
2012,9,animation,7,358.38,2012-09-01
2012,9,comedy,7.3,115.4,2012-09-01
2012,10,action,7.2,1142.47,2012-10-01
2012,10,drama,7.1,181.4,2012-10-01
2012,10,horror,5.4,142.8,2012-10-01
2012,11,adventure,6.95,719.38,2012-11-01
2012,11,drama,6.95,199.09,2012-11-01
2012,11,family,7.35,389.08,2012-11-01
2012,11,history,6.9,275.29,2012-11-01
2012,12,adventure,7.3,1021.1,2012-12-01
2012,12,comedy,5.9,119.77,2012-12-01
2012,12,crime,6.6,218.34,2012-12-01
2012,12,drama,8.2,425.37,2012-12-01
2012,12,history,7.3,441.81,2012-12-01
2012,12,thriller,7,132.82,2012-12-01
2013,1,crime,6.4,105.2,2013-01-01
2013,1,fantasy,6,226.35,2013-01-01
2013,1,horror,6.3,131.74,2013-01-01
2013,2,action,5.3,304.65,2013-02-01
2013,2,comedy,5.45,187.54,2013-02-01
2013,2,fantasy,5.8,197.69,2013-02-01
2013,3,action,6.4,170.27,2013-03-01
2013,3,animation,6.9,587.2,2013-03-01
2013,3,fantasy,5.9,491.87,2013-03-01
2013,3,science fiction,5.6,371.88,2013-03-01
2013,4,action,6.75,750.88,2013-04-01
2013,5,action,7.05,628.02,2013-05-01
2013,5,animation,6.5,268.43,2013-05-01
2013,5,comedy,6.2,362,2013-05-01
2013,5,drama,7.4,351.04,2013-05-01
2013,5,science fiction,5.2,243.84,2013-05-01
2013,5,thriller,7.3,351.72,2013-05-01
2013,6,action,6.52,338,2013-06-01
2013,6,animation,6.95,857.16,2013-06-01
2013,7,action,6.47,308.76,2013-07-01
2013,7,animation,6.2,282.57,2013-07-01
2013,7,comedy,6.1,247.02,2013-07-01
2013,7,fantasy,5.8,347.43,2013-07-01
2013,7,horror,7.5,320.41,2013-07-01
2013,8,action,6.5,131.94,2013-08-01
2013,8,adventure,6,199.85,2013-08-01
2013,8,animation,5.9,219.79,2013-08-01
2013,8,comedy,6.8,269.99,2013-08-01
2013,8,drama,7.3,115.92,2013-08-01
2013,8,science fiction,6.5,286.14,2013-08-01
2013,9,animation,6.4,248.38,2013-09-01
2013,9,drama,8.1,122.13,2013-09-01
2013,9,horror,6.7,161,2013-09-01
2013,10,action,6.93,333.63,2013-10-01
2013,10,animation,5.9,110,2013-10-01
2013,10,comedy,6.25,143.12,2013-10-01
2013,10,drama,7.9,187,2013-10-01
2013,10,science fiction,6.9,424.36,2013-10-01
2013,11,adventure,7.4,865.01,2013-11-01
2013,11,animation,7.2,1274.22,2013-11-01
2013,11,comedy,7.4,112.54,2013-11-01
2013,11,drama,7.4,100.13,2013-11-01
2013,12,adventure,7.2,188.13,2013-12-01
2013,12,animation,6.1,126.55,2013-12-01
2013,12,comedy,6.1,173.65,2013-12-01
2013,12,crime,8,392,2013-12-01
2013,12,drama,6.5,201.48,2013-12-01
2013,12,fantasy,7.6,958.4,2013-12-01
2013,12,war,7.4,149.3,2013-12-01
2014,1,action,6.15,144.76,2014-01-01
2014,1,animation,5.8,122.53,2014-01-01
2014,1,science fiction,5.8,242.69,2014-01-01
2014,1,war,6,154.98,2014-01-01
2014,2,action,6.15,170.32,2014-02-01
2014,2,animation,7.05,371.04,2014-02-01
2014,2,comedy,8,174.6,2014-02-01
2014,3,action,6.78,386.13,2014-03-01
2014,3,animation,6.5,500.19,2014-03-01
2014,3,drama,5.7,362.64,2014-03-01
2014,4,action,6.5,708.96,2014-04-01
2014,4,comedy,6.4,196.78,2014-04-01
2014,4,drama,6.7,101.33,2014-04-01
2014,4,thriller,6,103.04,2014-04-01
2014,5,action,7.13,549.16,2014-05-01
2014,5,comedy,6.55,199.33,2014-05-01
2014,5,fantasy,7.1,758.54,2014-05-01
2014,5,romance,7.6,307.17,2014-05-01
2014,6,crime,6.8,331.33,2014-06-01
2014,6,fantasy,7.7,621.54,2014-06-01
2014,6,science fiction,6.6,907.34,2014-06-01
2014,7,action,6.7,492.15,2014-07-01
2014,7,animation,6.1,151.17,2014-07-01
2014,7,comedy,5.35,113.3,2014-07-01
2014,7,horror,6.6,111.93,2014-07-01
2014,8,action,6.1,187.65,2014-08-01
2014,8,comedy,6.5,136.62,2014-08-01
2014,8,science fiction,5.9,485,2014-08-01
2014,9,action,7.2,348.32,2014-09-01
2014,9,animation,6.7,108.26,2014-09-01
2014,9,thriller,7.2,192.33,2014-09-01
2014,10,adventure,7.7,657.83,2014-10-01
2014,10,drama,7.5,103.22,2014-10-01
2014,10,family,6.2,100.65,2014-10-01
2014,10,horror,5.8,192.59,2014-10-01
2014,10,mystery,7.9,369.33,2014-10-01
2014,10,war,7.5,211.82,2014-10-01
2014,11,adventure,8.4,701.73,2014-11-01
2014,11,comedy,6.27,178.91,2014-11-01
2014,11,drama,7.9,123.73,2014-11-01
2014,11,family,6.5,373.55,2014-11-01
2014,11,history,8,233.56,2014-11-01
2014,11,science fiction,6.8,755.36,2014-11-01
2014,12,action,7.3,956.02,2014-12-01
2014,12,adventure,5.83,248.47,2014-12-01
2014,12,comedy,6.2,133.82,2014-12-01
2014,12,crime,7.6,414.35,2014-12-01
2014,12,drama,7.4,163.44,2014-12-01
2014,12,fantasy,5.8,212.9,2014-12-01
2014,12,thriller,6.2,325.77,2014-12-01
2014,12,war,7.4,542.31,2014-12-01
2015,1,family,6.1,311.59,2015-01-01
2015,2,drama,5.9,571.01,2015-02-01
2015,2,family,7,106.21,2015-02-01
2015,2,romance,6.9,153.96,2015-02-01
2015,2,science fiction,5.4,183.99,2015-02-01
2015,3,action,7.2,218,2015-03-01
2015,3,comedy,6,111.81,2015-03-01
2015,3,crime,6.8,104.4,2015-03-01
2015,3,fantasy,6.8,368.87,2015-03-01
2015,3,romance,6.8,543.51,2015-03-01
2015,4,action,6.53,1009.45,2015-04-01
2015,5,action,6.87,362.84,2015-05-01
2015,5,adventure,6.3,209.15,2015-05-01
2015,5,comedy,6.9,287.51,2015-05-01
2015,5,horror,6.3,112.98,2015-05-01
2015,6,action,6.7,1671.54,2015-06-01
2015,6,animation,7.9,857.61,2015-06-01
2015,6,comedy,6.3,215.86,2015-06-01
2015,6,family,6.4,1156.73,2015-06-01
2015,6,science fiction,5.9,440.6,2015-06-01
2015,7,action,6.45,463.8,2015-07-01
2015,7,comedy,6.1,121,2015-07-01
2015,7,science fiction,7.1,519.31,2015-07-01
2015,8,action,4.4,167.98,2015-08-01
2015,8,adventure,6.3,158.16,2015-08-01
2015,8,comedy,7.1,108.15,2015-08-01
2015,8,drama,7.8,201.63,2015-08-01
2015,9,adventure,6.8,203.43,2015-09-01
2015,9,animation,6.8,473.23,2015-09-01
2015,9,comedy,7.2,194.56,2015-09-01
2015,9,drama,7.7,630.6,2015-09-01
2015,9,fantasy,6,128.39,2015-09-01
2015,9,science fiction,6.7,312.3,2015-09-01
2015,10,action,6.5,880.67,2015-10-01
2015,10,fantasy,5.9,146.94,2015-10-01
2015,10,thriller,7.2,165.48,2015-10-01
2015,11,action,7.15,413.5,2015-11-01
2015,11,adventure,6.7,332.21,2015-11-01
2015,11,comedy,6.9,246.23,2015-11-01
2015,12,action,5.9,133.72,2015-12-01
2015,12,adventure,6.65,1150.99,2015-12-01
2015,12,comedy,6.5,160.38,2015-12-01
2015,12,drama,7.1,128.44,2015-12-01
2015,12,western,7.5,532.95,2015-12-01
2016,1,action,6.55,323,2016-01-01
2016,1,science fiction,5.9,109.91,2016-01-01
2016,2,action,6.6,466.89,2016-02-01
2016,2,animation,7.7,1023.78,2016-02-01
2016,2,comedy,6.2,112.34,2016-02-01
2016,3,action,6.1,539.69,2016-03-01
2016,3,adventure,6.1,179.25,2016-03-01
2016,3,thriller,7,110.22,2016-03-01
2016,4,action,6.3,164.99,2016-04-01
2016,4,adventure,7.4,1155.05,2016-04-01
2016,4,family,6.9,966.55,2016-04-01
2016,5,action,6.45,488.8,2016-05-01
2016,5,adventure,6.6,299.46,2016-05-01
2016,5,animation,6.2,349.78,2016-05-01
2016,5,comedy,5.8,108.76,2016-05-01
2016,6,action,6.03,242.72,2016-06-01
2016,6,adventure,6.42,626.96,2016-06-01
2016,6,crime,6.8,334.9,2016-06-01
2016,6,drama,7.9,207.95,2016-06-01
2016,6,fantasy,5.9,356.74,2016-06-01
2016,6,horror,6.8,220.46,2016-06-01
2016,6,thriller,7,159.05,2016-06-01
2016,7,action,6.17,329.37,2016-07-01
2016,7,adventure,5.7,140.71,2016-07-01
2016,7,comedy,6.5,183.94,2016-07-01
2016,7,horror,6.3,148.87,2016-07-01
2016,8,action,5.95,436.29,2016-08-01
2016,8,adventure,6.4,143.7,2016-08-01
2016,9,adventure,6.5,172.37,2016-09-01
2016,9,comedy,6.4,211.95,2016-09-01
2016,9,drama,7.05,181.3,2016-09-01
2016,9,fantasy,6.8,296.48,2016-09-01
2016,10,action,6.65,419.24,2016-10-01
2016,10,adventure,7.6,690.86,2016-10-01
2016,10,crime,7.1,155.16,2016-10-01
2016,10,drama,8.2,175.3,2016-10-01
2016,10,family,6.7,346.86,2016-10-01
2016,10,mystery,6.1,220.02,2016-10-01
2016,10,thriller,6.4,173.19,2016-10-01
2016,11,action,6.8,119.52,2016-11-01
2016,11,animation,7.1,634.15,2016-11-01
2016,11,comedy,6.8,280.96,2016-11-01
2016,11,drama,7.85,171.85,2016-11-01
2016,11,fantasy,7.3,809.34,2016-11-01
2016,12,action,6.25,485.24,2016-12-01
2016,12,comedy,6.4,118.1,2016-12-01
2016,12,drama,7.5,269.55,2016-12-01
2017,1,action,6.1,346.15,2017-01-01
2017,1,adventure,7.6,205.04,2017-01-01
2017,1,horror,7.3,278.45,2017-01-01
2017,2,action,7.55,395.28,2017-02-01
2017,2,animation,7.2,311.95,2017-02-01
2017,2,drama,6.5,378.83,2017-02-01
2017,2,mystery,7.6,255.41,2017-02-01
2017,3,action,6.4,354.5,2017-03-01
2017,3,animation,6.5,527.97,2017-03-01
2017,3,family,6.65,731.65,2017-03-01
2017,3,horror,6.4,100.54,2017-03-01
2017,3,science fiction,6.1,169.8,2017-03-01
2017,4,action,6.9,1236.01,2017-04-01
2017,4,science fiction,7.6,863.76,2017-04-01
2017,5,action,6.85,485.76,2017-05-01
2017,5,adventure,6.6,795.92,2017-05-01
2017,5,comedy,6.1,177.86,2017-05-01
2017,5,science fiction,6.1,240.89,2017-05-01
2017,6,action,6.58,497.34,2017-06-01
2017,6,animation,6.9,383.93,2017-06-01
2017,6,fantasy,5.5,409.23,2017-06-01
2017,7,action,6.85,490.09,2017-07-01
2017,7,adventure,6.6,225.97,2017-07-01
2017,7,animation,5.5,216.91,2017-07-01
2017,7,comedy,6.8,140.38,2017-07-01
2017,7,drama,7.2,490.72,2017-07-01
2017,7,war,7.5,527,2017-07-01
2017,8,action,6.9,155.05,2017-08-01
2017,8,comedy,6.3,130.56,2017-08-01
2017,8,fantasy,5.7,113.23,2017-08-01
2017,8,horror,6.6,306.52,2017-08-01
2017,9,action,7,278.14,2017-09-01
2017,9,family,6.5,123.08,2017-09-01
2017,9,horror,7.2,701.8,2017-09-01
2017,10,action,6.85,538.45,2017-10-01
2017,10,family,8.2,800.53,2017-10-01
2017,10,horror,6.4,114.22,2017-10-01
2017,10,science fiction,7.5,259.24,2017-10-01
2017,11,action,6.1,657.93,2017-11-01
2017,11,adventure,7.5,227.3,2017-11-01
2017,11,comedy,6.3,180.61,2017-11-01
2017,11,drama,7.75,228.39,2017-11-01
2017,11,mystery,6.7,352.79,2017-11-01
2017,12,adventure,6.8,1164.02,2017-12-01
2017,12,animation,7.2,295.04,2017-12-01
2017,12,comedy,6.5,184.72,2017-12-01
2017,12,crime,8.1,160.19,2017-12-01
2017,12,drama,7.37,269.31,2017-12-01
2018,1,action,6.4,119.94,2018-01-01
2018,1,drama,6.7,368.31,2018-01-01
2018,1,horror,6.3,167.89,2018-01-01
2018,1,science fiction,7.1,288.18,2018-01-01
2018,2,action,7.4,1349.93,2018-02-01
2018,2,animation,6.7,351.27,2018-02-01
2018,2,mystery,6.8,117.5,2018-02-01
2018,2,thriller,6.5,151.57,2018-02-01
2018,3,action,6.25,282.36,2018-03-01
2018,3,adventure,6.35,369.98,2018-03-01
2018,4,action,6.5,428.03,2018-04-01
2018,4,adventure,8.3,2052.42,2018-04-01
2018,4,horror,7.4,341,2018-04-01
2018,5,action,7.5,785.9,2018-05-01
2018,5,mystery,10,903.4,2018-05-01
2018,5,science fiction,6.6,392.95,2018-05-01
2018,6,action,7,1276.64,2018-06-01
2018,6,animation,6.9,528.6,2018-06-01
2018,6,crime,7,297.72,2018-06-01
2018,7,action,6.85,474.27,2018-07-01
2018,7,comedy,7.1,395.04,2018-07-01
2018,7,horror,6,137.06,2018-07-01
2018,8,action,6.3,530.52,2018-08-01
2018,8,comedy,7.1,238.54,2018-08-01
2018,9,action,6.3,158.97,2018-09-01
2018,9,drama,5.4,176.75,2018-09-01
2018,9,family,6.8,214.12,2018-09-01
2018,9,fantasy,6.2,131.52,2018-09-01
2018,9,horror,5.9,365.58,2018-09-01
2018,9,science fiction,6.2,508.32,2018-09-01
2018,10,history,7,105.71,2018-10-01
2018,10,horror,6.5,259.9,2018-10-01
2018,10,music,7.75,668.94,2018-10-01
2018,11,animation,6.8,508.58,2018-11-01
2018,11,comedy,7.5,120.99,2018-11-01
2018,11,drama,7.6,266.96,2018-11-01
2018,11,family,7.2,529.32,2018-11-01
2018,11,fantasy,6.9,654.86,2018-11-01
2018,12,action,7.33,663.99,2018-12-01
2018,12,crime,6.8,174.8,2018-12-01
2018,12,fantasy,6.5,348.81,2018-12-01
2019,1,action,7.2,404.98,2019-01-01
2019,1,animation,7.8,524.58,2019-01-01
2019,1,comedy,7.1,125,2019-01-01
2019,1,horror,6.5,155.71,2019-01-01
2019,1,thriller,6.7,247,2019-01-01
2019,2,action,6.7,199.6,2019-02-01
2019,3,action,6.9,748.75,2019-03-01
2019,3,comedy,6.5,119.56,2019-03-01
2019,3,family,6.6,353.28,2019-03-01
2019,3,horror,7,256.07,2019-03-01
2019,4,adventure,8.3,2800,2019-04-01
2019,4,horror,5.7,117.58,2019-04-01
2019,4,NA,10,500,2019-04-01
2019,5,action,7.2,388.24,2019-05-01
2019,5,adventure,7.05,604.72,2019-05-01
2019,5,music,7.3,167.32,2019-05-01
2019,5,science fiction,6.7,386.6,2019-05-01
2019,6,action,7.4,1131.93,2019-06-01
2019,6,comedy,5.9,253.89,2019-06-01
2019,6,family,7.5,1073.39,2019-06-01
2019,6,fantasy,6,252.44,2019-06-01
2019,6,horror,6.4,231.25,2019-06-01
2019,7,adventure,7.1,1663.08,2019-07-01
2019,7,comedy,7.4,374.25,2019-07-01
2019,8,action,6.75,453.38,2019-08-01
2019,8,adventure,6.7,120.6,2019-08-01
2019,8,animation,7.1,147.79,2019-08-01
2019,8,comedy,6.8,111.04,2019-08-01
2019,8,horror,6.5,104.55,2019-08-01
2019,9,drama,6.8,174.9,2019-09-01
2019,9,family,7.5,190.3,2019-09-01
2019,9,horror,6.9,473.12,2019-09-01
2019,9,science fiction,6.1,127.46,2019-09-01
2019,10,comedy,7,122.8,2019-10-01
2019,10,crime,8.2,1074.46,2019-10-01
2019,10,family,6.95,348.06,2019-10-01
2019,10,science fiction,6.4,217.3,2019-10-01
2019,11,action,7.2,127.42,2019-11-01
2019,11,comedy,7.5,217.22,2019-11-01
2019,11,drama,8,225.51,2019-11-01
2019,11,family,7.3,1450.03,2019-11-01
2019,12,adventure,6.65,937.92,2019-12-01
2019,12,animation,7.6,171.62,2019-12-01
2019,12,drama,7.9,216.6,2019-12-01
2019,12,war,8,394.64,2019-12-01
2020,1,comedy,7.7,115.17,2020-01-01
2020,1,family,6.6,251.41,2020-01-01
2020,1,thriller,7.1,426.51,2020-01-01
2020,2,action,7.15,262.54,2020-02-01
2020,2,adventure,7.6,111.2,2020-02-01
2020,2,family,7.7,141.94,2020-02-01
2020,2,thriller,7.1,144.49,2020-02-01
2020,6,music,10,426.9,2020-06-01
2020,8,action,7.2,365.3,2020-08-01
2020,10,action,10,125.54,2020-10-01
2020,11,animation,7.5,215.91,2020-11-01
2020,12,action,6.5,169.6,2020-12-01
2020,12,animation,8.2,136.38,2020-12-01
2021,2,comedy,6.9,136.54,2021-02-01
2021,3,action,7.7,470.12,2021-03-01
2021,3,animation,7.9,130.42,2021-03-01
2021,3,family,7.2,153,2021-03-01
2021,4,crime,7.7,103.97,2021-04-01
2021,5,action,6.65,458.47,2021-05-01
2021,5,comedy,8.1,233.5,2021-05-01
2021,5,horror,7.5,206.43,2021-05-01
2021,5,science fiction,7.5,297.4,2021-05-01
2021,7,action,7.43,256.45,2021-07-01
2021,7,animation,7.4,146.75,2021-07-01
2021,7,family,6.8,163.69,2021-07-01
2021,8,animation,7.4,144.33,2021-08-01
2021,8,comedy,7.6,331.53,2021-08-01
2021,9,action,7.5,603.19,2021-09-01
2021,9,science fiction,7.3,454.44,2021-09-01
2021,10,animation,7.3,186.41,2021-10-01
2021,10,horror,6.5,133.42,2021-10-01
2021,11,drama,6.6,153.24,2021-11-01
2021,11,family,7.2,107.35,2021-11-01
2021,11,fantasy,7.5,191,2021-11-01
2021,11,science fiction,6.9,402.06,2021-11-01
2021,12,action,7.4,1023.89,2021-12-01
2021,12,animation,7.9,406,2021-12-01
2021,12,science fiction,6.5,156.5,2021-12-01
2022,1,horror,6.7,140.04,2022-01-01
2022,2,action,7,407.14,2022-02-01
2022,2,mystery,6.5,137.31,2022-02-01
2022,3,action,6.83,166.54,2022-03-01
2022,3,animation,7.6,250.16,2022-03-01
2022,3,crime,7.7,770.95,2022-03-01
2022,4,action,7.6,405.42,2022-04-01
2022,4,fantasy,6.7,406.95,2022-04-01
2022,5,action,8.3,1488.73,2022-05-01
2022,5,fantasy,7.4,955.78,2022-05-01
2022,6,adventure,6.8,1001.98,2022-06-01
2022,6,animation,7.25,583.03,2022-06-01
2022,6,drama,7.6,288.67,2022-06-01
2022,6,horror,7.7,161.44,2022-06-01
2022,7,animation,7.3,203,2022-07-01
2022,7,drama,7.6,144.35,2022-07-01
2022,7,fantasy,6.5,760.93,2022-07-01
2022,7,horror,6.9,170.82,2022-07-01
2022,8,action,7.5,239.27,2022-08-01
2022,9,comedy,6.6,168.76,2022-09-01
2022,9,horror,6.7,216.14,2022-09-01
2022,10,action,7,393.25,2022-10-01
2022,10,comedy,7.2,104.09,2022-10-01
2022,10,horror,6.2,104.36,2022-10-01
2022,11,action,7.2,859.1,2022-11-01
2022,12,animation,8.3,482.13,2022-12-01
2022,12,comedy,7.8,108.96,2022-12-01
2022,12,science fiction,7.45,1250.11,2022-12-01
2023,2,action,6.4,476.07,2023-02-01
2023,3,action,7.8,426.98,2023-03-01
2023,3,adventure,7.5,208.18,2023-03-01
2023,3,comedy,6.7,133.44,2023-03-01
2023,3,drama,7.2,275.25,2023-03-01
2023,3,horror,7.2,168.96,2023-03-01
2023,4,animation,7.8,1355.73,2023-04-01
2023,4,thriller,7,146.73,2023-04-01
2023,5,action,7.3,704.71,2023-05-01
2023,5,adventure,6.5,569.24,2023-05-01
2023,5,animation,8.4,683.24,2023-05-01
2023,5,science fiction,8,845.43,2023-05-01
2023,6,action,8.13,268.21,2023-06-01
2023,6,adventure,6.7,382.89,2023-06-01
2023,6,animation,7.8,486.8,2023-06-01
2023,7,action,7.85,387.87,2023-07-01
2023,7,animation,7.3,172,2023-07-01
2023,7,comedy,7.3,1428.55,2023-07-01
2023,7,drama,8.3,933.7,2023-07-01
2023,7,horror,6.8,185.58,2023-07-01
2023,8,action,7.25,195.5,2023-08-01
2023,9,horror,6.5,231.2,2023-09-01
2024,3,comedy,10,270,2024-03-01
